model,temperature,correct_count,incorrect_count,accuracy,f1_score,avg_chemical_similarity,avg_string_distance,incorrect_smiles_count
oa:gpt-4-1106-preview,0.0,3,97,0.03,0.058252427184466014,0.1580987115698279,7.41,7
oa:gpt-4-1106-preview,0.5,6,94,0.06,0.11320754716981131,0.16715994977584409,7.49,6
oa:gpt-4-1106-preview,1.0,1,99,0.01,0.019801980198019802,0.16717196674999282,6.67,4
oa:gpt-4-1106-preview,1.5,2,98,0.02,0.0392156862745098,0.0894461156894841,9.01,10
oa:gpt-3.5-turbo-0125,0.0,1,99,0.01,0.019801980198019802,0.06247277465094194,7.31,11
oa:gpt-3.5-turbo-0125,0.5,0,100,0.0,0.0,0.05311584046150891,6.94,11
oa:gpt-3.5-turbo-0125,1.0,1,99,0.01,0.019801980198019802,-0.07034141031961194,7.95,21
oa:gpt-3.5-turbo-0125,1.5,0,100,0.0,0.0,-0.19705859062782577,13.84,30
